{
  "timestamp": "2026-04-02T19:01:49",
  "models": {
    "simple": {
      "loss": 4602177792.0,
      "mae": 67838.4296875,
      "rmse": 67838.73046875
    },
    "full": {
      "loss": 2706186816.0,
      "mae": 29154.285400390625,
      "rmse": 40789.41845703125
    },
    "transformer": {
      "loss": 2953351.625,
      "mae": 1654.730224609375,
      "rmse": 1708.8782348632812
    }
  },
  "best_model": "transformer"
}